<?xml version='1.0' encoding='utf-8' standalone='yes' ?>
<map>
    <long name="first_open_time" value="1763305034693" />
    <string name="gmp_app_id">1:843686588413:android:460563c870948822</string>
    <string name="app_instance_id">16ecb51e1d976d9b766fb5483fe5514a</string>
    <boolean name="app_backgrounded" value="true" />
    <long name="session_id" value="1763305037" />
    <long name="health_monitor:start" value="1763305034752" />
    <boolean name="use_service" value="true" />
    <boolean name="deferred_analytics_collection" value="false" />
    <string name="previous_os_version">16</string>
    <boolean name="has_been_opened" value="true" />
    <boolean name="allow_remote_dynamite" value="true" />
    <long name="last_pause_time" value="1763305234214" />
    <boolean name="start_new_session" value="false" />
</map>
