<?xml version='1.0' encoding='utf-8' standalone='yes' ?>
<map>
    <boolean name="explicit_content_allowed" value="true" />
    <boolean name="key_debug_is_debug_build" value="false" />
    <boolean name="key_debug_data_saver_enabled" value="false" />
    <long name="cloud_revision" value="20000003" />
    <boolean name="experimental_adaptive_track_selection" value="false" />
    <boolean name="key_paf_file" value="false" />
    <long name="asset_cache_size" value="209715200" />
    <boolean name="key_eq_support_checked" value="true" />
    <string name="initial_library_revision_steps">{&quot;itemsVersion&quot;:20000003,&quot;playlistVersion&quot;:20000003,&quot;lyricsVersion&quot;:20000003,&quot;tastesVersion&quot;:0}</string>
    <int name="version" value="1" />
    <boolean name="private_listening_enabled" value="false" />
    <int name="max_movie_rating_allowed" value="900" />
    <boolean name="key_volume_normalization_enabled" value="true" />
    <boolean name="cellular_data_saver_enabled" value="false" />
    <int name="subscription_status" value="1" />
    <int name="key_audio_flavor_mode_selection" value="0" />
    <int name="max_tv_show_rating_allowed" value="900" />
    <boolean name="key_is_bit_stream_switching_enabled" value="true" />
    <boolean name="key_use_default_bandwidth_meter" value="false" />
    <boolean name="high_quality_on_cellular_enabled" value="false" />
</map>
