<?xml version='1.0' encoding='utf-8' standalone='yes' ?>
<map>
    <set name="kotlin/2.1.10 android-min-sdk/29 fire-installations/18.0.0 fire-cls/19.1.0 device-brand/samsung fire-android/36 fire-core/21.0.0 fire-core-ktx/21.0.0 fire-analytics/22.1.0 android-installer/com.google.android.packageinstaller device-name/dm3qxxx fire-sessions/2.0.4 android-platform/ fire-fcm/24.0.1 device-model/dm3q android-target-sdk/35 fire-transport/19.0.0">
        <string>2025-11-16</string>
    </set>
    <long name="fire-count" value="1" />
    <string name="last-used-date">2025-11-16</string>
    <long name="fire-global" value="1763305034725" />
</map>
