<?xml version='1.0' encoding='utf-8' standalone='yes' ?>
<map>
    <boolean name="key_force_performance_metrics" value="false" />
    <boolean name="key_is_first_time_loading_emoji" value="false" />
    <int name="last_nav_fragment" value="4" />
    <boolean name="key_notifications_enabled" value="true" />
    <boolean name="key_download_on_cellular" value="true" />
    <boolean name="key_chromecast_all_types" value="false" />
    <boolean name="key_diagnostics_new" value="true" />
    <boolean name="explicit_default_dialog_shown" value="true" />
    <boolean name="key_notifications_allow_explicit_sync" value="false" />
    <boolean name="key_update_mandatory" value="false" />
    <string name="key_appwidget_response_recently_played">[{&quot;_type&quot;:&quot;albums&quot;,&quot;id&quot;:&quot;1852500176&quot;,&quot;type&quot;:&quot;albums&quot;,&quot;href&quot;:&quot;\/v1\/catalog\/in\/albums\/1852500176?l=en-GB&quot;,&quot;attributes&quot;:{&quot;artistName&quot;:&quot;A.R. Rahman &amp; Irshad Kamil&quot;,&quot;url&quot;:&quot;https:\/\/music.apple.com\/in\/album\/tere-ishk-mein-original-motion-picture-soundtrack\/1852500176&quot;,&quot;releaseDate&quot;:&quot;2025-11-12&quot;,&quot;name&quot;:&quot;Tere Ishk Mein (Original Motion Picture Soundtrack)&quot;,&quot;genreNames&quot;:[&quot;Bollywood&quot;,&quot;Music&quot;,&quot;Indian&quot;,&quot;Soundtrack&quot;],&quot;artwork&quot;:{&quot;width&quot;:3000,&quot;height&quot;:3000,&quot;url&quot;:&quot;https:\/\/is1-ssl.mzstatic.com\/image\/thumb\/Music211\/v4\/c5\/e3\/a8\/c5e3a8e2-f166-23b8-2159-ee04b8511897\/8902894362733_cover.jpg\/{w}x{h}bb.jpg&quot;,&quot;bgColor&quot;:&quot;1e2f29&quot;,&quot;textColor1&quot;:&quot;eecf94&quot;,&quot;textColor2&quot;:&quot;e8b17a&quot;,&quot;textColor3&quot;:&quot;c5af7e&quot;,&quot;textColor4&quot;:&quot;c09769&quot;},&quot;playParams&quot;:{&quot;id&quot;:&quot;1852500176&quot;,&quot;kind&quot;:&quot;album&quot;},&quot;audioTraits&quot;:12,&quot;isSingle&quot;:false,&quot;isComplete&quot;:true,&quot;trackCount&quot;:9,&quot;isMasteredForItunes&quot;:false,&quot;recordLabel&quot;:&quot;T-Series&quot;,&quot;copyright&quot;:&quot;℗ 2025 Super Cassettes Industries Private Limited&quot;,&quot;isCompilation&quot;:false},&quot;meta&quot;:{}},{&quot;_type&quot;:&quot;playlists&quot;,&quot;id&quot;:&quot;pl.2f4d3e22bfcb4acbbaff8d5948e04540&quot;,&quot;type&quot;:&quot;playlists&quot;,&quot;href&quot;:&quot;\/v1\/catalog\/in\/playlists\/pl.2f4d3e22bfcb4acbbaff8d5948e04540?l=en-GB&quot;,&quot;attributes&quot;:{&quot;url&quot;:&quot;https:\/\/music.apple.com\/in\/playlist\/viah-hits\/pl.2f4d3e22bfcb4acbbaff8d5948e04540&quot;,&quot;name&quot;:&quot;Viah Hits&quot;,&quot;artwork&quot;:{&quot;width&quot;:1080,&quot;height&quot;:1080,&quot;url&quot;:&quot;https:\/\/is1-ssl.mzstatic.com\/image\/thumb\/Features112\/v4\/bd\/2f\/fb\/bd2ffb92-11f3-9386-7e23-06799c12b750\/6a9119a8-53ba-4060-ab14-8791072f7b2a.png\/{w}x{h}SC.DN01.jpg?l=en-GB&quot;,&quot;bgColor&quot;:&quot;163e69&quot;,&quot;textColor1&quot;:&quot;ffffff&quot;,&quot;textColor2&quot;:&quot;dbbdc7&quot;,&quot;textColor3&quot;:&quot;a9afcc&quot;,&quot;textColor4&quot;:&quot;aca1b3&quot;},&quot;playParams&quot;:{&quot;id&quot;:&quot;pl.2f4d3e22bfcb4acbbaff8d5948e04540&quot;,&quot;kind&quot;:&quot;playlist&quot;,&quot;versionHash&quot;:&quot;e1494993ce7544fd0f8b97ccc3ebaf90b485a4dc733f4d76b18a3666425e8374&quot;},&quot;audioTraits&quot;:0,&quot;editorialNotes&quot;:{&quot;name&quot;:&quot;Viah Hits&quot;,&quot;standard&quot;:&quot;It doesn’t matter where the bride and groom are from—in the 21st century, there’s a high chance Punjabi tracks will be played at an Indian wedding celebration. When it comes to romance and dance, these songs effortlessly capture the exhilaration of the occasion. This collection of traditional and modern folk-flavoured tracks is sure to enliven any shaadi party.&quot;,&quot;short&quot;:&quot;Fun, upbeat Punjabi tunes to enliven any wedding function.&quot;},&quot;isChart&quot;:false,&quot;lastModifiedDate&quot;:&quot;2025-11-05T10:32:09Z&quot;,&quot;playlistType&quot;:&quot;editorial&quot;,&quot;curatorName&quot;:&quot;Apple Music Punjabi&quot;,&quot;description&quot;:{&quot;standard&quot;:&quot;It doesn’t matter where the bride and groom are from—in the 21st century, there’s a high chance Punjabi tracks will be played at an Indian wedding celebration. When it comes to romance and dance, these songs effortlessly capture the exhilaration of the occasion. This collection of traditional and modern folk-flavoured tracks is sure to enliven any shaadi party.&quot;,&quot;short&quot;:&quot;Fun, upbeat Punjabi tunes to enliven any wedding function.&quot;},&quot;hasCollaboration&quot;:false}},{&quot;_type&quot;:&quot;playlists&quot;,&quot;id&quot;:&quot;pl.2b8d95e7f7354658aa575ec9f15b5dca&quot;,&quot;type&quot;:&quot;playlists&quot;,&quot;href&quot;:&quot;\/v1\/catalog\/in\/playlists\/pl.2b8d95e7f7354658aa575ec9f15b5dca?l=en-GB&quot;,&quot;attributes&quot;:{&quot;url&quot;:&quot;https:\/\/music.apple.com\/in\/playlist\/kannada-hits\/pl.2b8d95e7f7354658aa575ec9f15b5dca&quot;,&quot;name&quot;:&quot;Kannada Hits&quot;,&quot;artwork&quot;:{&quot;width&quot;:1080,&quot;height&quot;:1080,&quot;url&quot;:&quot;https:\/\/is1-ssl.mzstatic.com\/image\/thumb\/Features125\/v4\/3f\/11\/ef\/3f11ef6d-f674-e637-1e29-fdbbb467c3d6\/U0MtTVMtV1ctS2FubmFkYV9IaXRzLUFEQU1fSUQ9MTEzODk2NjkyMi5wbmc.png\/{w}x{h}SC.DN01.jpg?l=en-GB&quot;,&quot;bgColor&quot;:&quot;000000&quot;,&quot;textColor1&quot;:&quot;000000&quot;,&quot;textColor2&quot;:&quot;36bf90&quot;,&quot;textColor3&quot;:&quot;ae8e4e&quot;,&quot;textColor4&quot;:&quot;2a916e&quot;},&quot;playParams&quot;:{&quot;id&quot;:&quot;pl.2b8d95e7f7354658aa575ec9f15b5dca&quot;,&quot;kind&quot;:&quot;playlist&quot;,&quot;versionHash&quot;:&quot;429bda2251f1912c71af653959a444bba65eaafe9d791ee2820cef2f0b4d5a40&quot;},&quot;audioTraits&quot;:0,&quot;editorialNotes&quot;:{&quot;name&quot;:&quot;Kannada Hits&quot;,&quot;standard&quot;:&quot;Kannada-language music brings all the vibrance and variety you might well expect. Top composers and playback favourites come together to create memorable melodies overlaid with touching lyricism, leaving space for notes of pop, rock, hip-hop and more to add some spice to the mix. Our editors regularly update this playlist, so if you hear something you like, add it to your library.&quot;,&quot;short&quot;:&quot;Kannada music’s best—be it folk, fusion, rap or film music.&quot;,&quot;tagline&quot;:&quot;Recommended Playlist&quot;},&quot;isChart&quot;:false,&quot;lastModifiedDate&quot;:&quot;2025-10-20T10:01:11Z&quot;,&quot;playlistType&quot;:&quot;editorial&quot;,&quot;curatorName&quot;:&quot;Kannada&quot;,&quot;description&quot;:{&quot;standard&quot;:&quot;Kannada-language music brings all the vibrance and variety you might well expect. Top composers and playback favourites come together to create memorable melodies overlaid with touching lyricism, leaving space for notes of pop, rock, hip-hop and more to add some spice to the mix. Our editors regularly update this playlist, so if you hear something you like, add it to your library.&quot;,&quot;short&quot;:&quot;Kannada music’s best—be it folk, fusion, rap or film music.&quot;},&quot;hasCollaboration&quot;:false}}]</string>
    <string name="key_download_location">APPSPACE</string>
    <int name="key_add_to_playlists_behavior" value="2" />
    <boolean name="key_chromecast_qa_enabled" value="false" />
    <boolean name="key_is_show_search_weights_enabled" value="false" />
    <boolean name="key_widget_config_enter_event" value="false" />
    <boolean name="purge_has_playbackv1_cache" value="false" />
    <boolean name="key_allow_explicit_content" value="true" />
    <boolean name="key_downloaded_asset_metadata_migration_needed" value="true" />
    <int name="installed_version" value="1496" />
    <boolean name="key_notifications_music_enabled" value="false" />
    <string name="key_notifications_daily_sync_check">16-11-2025</string>
    <boolean name="already_saved_credentials" value="true" />
    <boolean name="is_audit_library_performed_once_beta_hatfield_sun" value="true" />
    <boolean name="carrier_eligibility_check" value="true" />
    <boolean name="key_is_pricehcnage_onappstart" value="false" />
    <boolean name="key_isdownloads_migrated" value="false" />
    <boolean name="key_cpu_logging_when_backgrounded" value="false" />
    <boolean name="key_save_page_render_metrics_disk" value="false" />
    <boolean name="key_preference_media_playback_completed" value="true" />
    <boolean name="key_shown_whats_new" value="true" />
    <string name="key_is_playback_error_dialog_pending_to_show">[]</string>
    <boolean name="key_is_google_installer" value="true" />
    <boolean name="key_is_emoji_fetch_complete" value="true" />
    <boolean name="diagnostics_dialog_shown" value="true" />
    <int name="old_version_number" value="1496" />
    <boolean name="key_is_library_pins_init" value="false" />
    <boolean name="has_social_profile" value="false" />
    <string name="key_notifications_token">e25e1cp3ShuOBd4U9unIPD:APA91bGn_cCEeOgyBNYGX9JAMes4lvVv4jY-2GdTuCPNXOiZDeXlnKvsIpQA4ZDL6HDuauLM8dFmMlsKPb-RFkNWdEfjGT6RIKXk361RDj56kfMsDEPDu0g</string>
    <boolean name="is_blocked_social_onboarded" value="false" />
    <boolean name="key_show_social_onboarding_on_launch" value="false" />
    <boolean name="key_player_lyrics_translation_selected" value="true" />
    <boolean name="key_use_cellular_data_saver" value="false" />
    <boolean name="key_preference_migration_completed" value="true" />
    <boolean name="key_app_ref_readen" value="true" />
    <boolean name="is_updayte_library_performed_once" value="true" />
    <boolean name="key_is_first_use_of_app" value="false" />
    <long name="key_next_inapp_review_time" value="1764169036279" />
    <boolean name="key_is_library_initial_load_optimisation" value="true" />
    <string name="key_player_current_mode">LYRICS</string>
    <boolean name="is_social_onboarded" value="false" />
    <string name="key_check_updates_time">1763305036256</string>
    <boolean name="allow_diagnostics" value="true" />
    <long name="key_notifications_latest_erial_number" value="18" />
    <boolean name="atpwatl_dialog" value="true" />
    <int name="key_foreground_key" value="1" />
    <boolean name="key_player_lyrics_pronunciation_selected" value="true" />
    <boolean name="user_has_used_app_before" value="true" />
    <string name="library_content_currently_displayed_sectionsNORMAL">[&quot;PLAYLISTS&quot;,&quot;ARTISTS&quot;,&quot;ALBUMS&quot;,&quot;SONGS&quot;,&quot;MADEFORYOU&quot;,&quot;SHOWS&quot;,&quot;PINS&quot;]</string>
    <string name="key_player_lyrics_larger_text_option">TRANSLITERATION</string>
    <int name="key_add_to_favorites_behavior" value="1" />
    <boolean name="key_notifications_music_enabled_sync" value="false" />
    <boolean name="key_add_to_playlists_behavior_new" value="false" />
    <boolean name="key_has_app_initialized_before" value="true" />
</map>
