{"accounts":[{"accountFlagsJson":"{\"verifiedExpirationDate\":0.0,\"autoPlay\":true,\"identityLastVerified\":0.0,\"underThirteen\":false,\"personalization\":true,\"retailDemo\":false,\"isInBadCredit\":false,\"isDisabledAccount\":false,\"isRestrictedAccount\":false,\"isManagedAccount\":false,\"isInRestrictedRegion\":false,\"accountFlagsVersion\":0.0,\"isInFamily\":false,\"hasAgreedToTerms\":true,\"hasAgreedToAppClipTerms\":true,\"hasWatchHardwareOffer\":false,\"hasSubscriptionFamilySharingEnabled\":true}","active":true,"creditString":"","dsid":22711492751,"firstName":"Ashik","id":"appleid_by_ashik@outlook.com","imCanSubscribe":0,"imSubscribed":0,"imSupported":0,"lastName":"Basheer","storeFront":"143467-2,31"}],"activeAccount":0}