{"AMF_FriendsDiscoveryInterval":604800,"AMF_HasRestrictions":false,"TAG":"BagConfig","accountFlagsUrl":"https://p73-buy.itunes.apple.com/commerce/account/flags","bookkeeperGetAllUrl":"https://bookkeeper.itunes.apple.com/WebObjects/MZBookkeeper.woa/wa/getAll","bookkeeperGetUrl":"https://bookkeeper.itunes.apple.com/WebObjects/MZBookkeeper.woa/wa/get","bookkeeperPutUrl":"","bookkeeperSyncUrl":"https://upp.itunes.apple.com/WebObjects/MZBookkeeper.woa/wa/sync","classicalExperienceEnabled":true,"consumptionOnlyMode":false,"containsAndroidCommerceUrlsKey":true,"containsRadioKey":true,"containsRadioTabHeroKey":true,"countryCode":"in","directAuthorizationCodeUrl":"https://auth.itunes.apple.com/auth/v1/oauth/direct-authorization-code","explicitBadgeTreatment":"","fetchMetaDataUrl":"https://radio.itunes.apple.com:443/WebObjects/MZTilt.woa/wa/fetchMetadata","financeAppBaseUrl":"https://finance-app.itunes.apple.com/","fpsCertUrl":"https://s.mzstatic.com/skdtool_2021_certbundle.bin","hasConnectRestrictions":false,"hasSignedActions":true,"hlsPrefetchKeyUrl":"skd://itunes.apple.com/P000000000/s1/e1","hlsServerUrl":"https://play.itunes.apple.com/WebObjects/MZPlay.woa/music/fps","invoiceReductionSrv":"https://p73-buy.itunes.apple.com/commerce/account/flags/generic","isAMFEnabled":true,"isAMF_FriendsDiscoveryEnabled":true,"isAppleTVAvailable":true,"isConnectEnabled":true,"isDefaultLyricsOnDisabled":false,"isExplicitAgeVerificationRequired":false,"isExplicitOffCountryFlag":true,"isMliEnabled":true,"isNaturalLanguageAvailable":false,"isReplayInAppWebViewEnabled":true,"isReportAConcernEnabled":true,"isResourceCacheEnabled":true,"isSearchLyricsEnabled":true,"isVideoSupported":true,"likeEventUrl":"https://radio.itunes.apple.com:443/WebObjects/MZTilt.woa/wa/likeEvent","lyricsLargerTextDefaultSetting":"transliteration","lyricsShareCharLimit":149,"lyricsShareSignaturePrefix":"4.v1.","lyricsTranslationsEnabledByDefault":true,"lyricsTransliterationsEnabledByDefault":true,"mediaApiDefaultDomain":"amp-api.music.apple.com","mediaApiListenNowDomain":"amp-api.music.apple.com","mediaApiSearchDomain":"amp-api-edge.music.apple.com","mediaApiSearchHintsDomain":"amp-api-edge.music.apple.com","mediaApiSearchLandingDomain":"amp-api-edge.music.apple.com","mliAllowedUrls":["www.amazon.com","connect.deezer.com","accounts.youtube.com","accounts.google.com","accounts.spotify.com","login.tidal.com"],"mliAppDomains":["apple.songshift.com","redirects.songshift.com"],"mliAppName":"SongShift","mliBannerDays":30,"mliDomainsToRedirectToBrowser":["songshift.com","www.songshift.com"],"mliEntryBannerTitle":"Transfer music and playlists from other music services.","mliEntrySettingsSummary":"Add saved music and playlists you made in other music services to your Apple Music library.","mliEntrySettingsTitle":"Transfer Music from Other Services","mliEntryUrl":"https://apple.songshift.com/in/","mliKBArticleLink":"https://support.apple.com/118249","mliProgressText":"Adding to Your Library","mliReviewDays":30,"mliReviewDismissMessage":"This music will be saved for 30 days from the initial transfer. You can review this later in Settings.","mliReviewDismissNegativeButton":"Complete","mliReviewDismissPositiveButton":"Review Later","mliReviewDismissTitle":"Not All Music Was Matched","mliReviewMatchesUrl":"https://apple.songshift.com/in/review-matches/","mliReviewSettingsSummary":"You have 30 days to review unmatched music and select alternatives.","mliReviewSettingsTitle":"Review Current Transfer","mliShowInitialBanner":true,"partialHashMatchLength":29,"playActivityPostAllPlayStarts":true,"playActivityPostFrequency":900,"playActivityPostURL":"https://radio-activity.itunes.apple.com:443/MZTiltActivity/play/","radioBaseUrl":"https://radio.itunes.apple.com:443/WebObjects/MZTilt.woa/wa","ratingWarningThreshold":0,"ratingWarningTitle":"","receiptsUrl":"","redeemOfferUrl":"https://p73-buy.itunes.apple.com/commerce/channels/googleplay/subscriptions/redeemOffer","searchResultsLimit":50,"searchResultsParseCount":1,"searchSocialResultLimit":25,"searchSuggestionsLimit":10,"searchSuggestionsTermsLimit":5,"searchSuggestionsTopResultsLimit":10,"signedActions":{"MZStorePlatform":{"lookup":{"headers":["x-dsid","x-apple-store-front","x-apple-client-application","x-request-timestamp"],"fields":["p","id","bundleId"],"url":"https://sp.itunes.apple.com/WebObjects/MZStorePlatform.woa/wa/lookup"}},"/v1/":{"listening-to":{"headers":["x-dsid","x-request-timestamp"],"path":true,"fields":[]},"pending-followers":{"headers":["x-dsid","x-request-timestamp"],"path":true,"fields":[]},"pending-followees":{"headers":["x-dsid","x-request-timestamp"],"path":true,"fields":[]},"followers":{"headers":["x-dsid","x-request-timestamp"],"path":true,"fields":[]},"shared-playlists":{"headers":["x-dsid","x-request-timestamp"],"path":true,"fields":[]},"more-to-follow":{"headers":["x-dsid","x-request-timestamp"],"path":true,"fields":[]},"followees":{"headers":["x-dsid","x-request-timestamp"],"path":true,"fields":[]},"profile":{"headers":["x-dsid","x-request-timestamp"],"path":true,"fields":[]},"blocked-profiles":{"headers":["x-dsid","x-request-timestamp"],"path":true,"fields":[]},"social-profiles":{"headers":["x-dsid","x-request-timestamp"],"path":true,"fields":["ids"]}},"apiToken":{"apiToken":{"headers":["x-apple-store-front","x-apple-client-application","x-request-timestamp","x-apple-amd-m","x-dsid"],"fields":["clientId"]}},"infra/he":{"fetchConfigs":{"headers":["X-Apple-I-Client-Time"],"fields":["userId"]},"uploadEvalKeys":{"headers":["X-Apple-I-Client-Time"],"fields":["userId"]},"query":{"headers":["X-Apple-I-Client-Time"],"fields":["userId"]},"queries":{"headers":["X-Apple-I-Client-Time"],"fields":["userId"]}},"infra/ondevice":{"fetchAll":{"headers":["X-Apple-I-Client-Time"],"fields":["domain","userId","storefrontId"]},"config":{"headers":["X-Apple-I-Client-Time"]}}},"staticLyricsUrl":"https://se2.itunes.apple.com/WebObjects/MZStoreElements2.woa/wa/lyrics","storeFrontId":"143467","storeFrontLanguage":"en-GB","storeVersionCode":"1496","studentVerificationURL":"https://applemusic-spotlight.myunidays.com/IN/en-GB","timeSyncedLyricsUrl":"https://se2.itunes.apple.com/WebObjects/MZStoreElements2.woa/wa/ttmlLyrics","toString":"play-activity-feed-post-frequency -\u003e 900.0\nplay-activity-feed-request-post-url -\u003e https://radio-activity.itunes.apple.com:443/MZTiltActivity/play/\nplay-activity-feed-post-all-play-starts -\u003e true\nExplicitOffAndPreferencesEnabled -\u003e true\nisExplicitContentAgeVerificationRequired -\u003e false\nExplicitContentBadgeTreatment -\u003e \nstudentVerificationUrl -\u003e https://applemusic-spotlight.myunidays.com/IN/en-GB\nlanguage-tag -\u003e en-GB\nstoreFrontId -\u003e 143467\nkvs-get -\u003e https://bookkeeper.itunes.apple.com/WebObjects/MZBookkeeper.woa/wa/get\nkvs-getall -\u003e https://bookkeeper.itunes.apple.com/WebObjects/MZBookkeeper.woa/wa/getAll\nloader, kvs-put -\u003e \nkvs-sync.com.apple.upp -\u003e https://upp.itunes.apple.com/WebObjects/MZBookkeeper.woa/wa/sync\nsearch-lyrics-enabled -\u003e true\nin-app-web-view-replay -\u003e true\nradio -\u003e true\nradio/base-url -\u003e https://radio.itunes.apple.com:443/WebObjects/MZTilt.woa/wa\nradio/fetchMetadata-url -\u003e https://radio.itunes.apple.com:443/WebObjects/MZTilt.woa/wa/fetchMetadata\nradio/like-event-url -\u003e https://radio.itunes.apple.com:443/WebObjects/MZTilt.woa/wa/likeEvent\nradioTab/hero -\u003e true\nenhanced-audio/hls-prefetch-skd-urls/ -\u003e skd://itunes.apple.com/P000000000/s1/e1\nenhanced-audio/hls-key-server-url -\u003e https://play.itunes.apple.com/WebObjects/MZPlay.woa/music/fps\nfps-cert -\u003e https://s.mzstatic.com/skdtool_2021_certbundle.bin\nmusicConnect2/isConnectEnabled -\u003e true\nmusicConnect2/hasRestrictions -\u003e false\nmusicCommon/isReportAConcernEnabled -\u003e true\nmusicCommon/mediaAPIClientResourceCacheEnabled -\u003e true\nmusicCommon/search/resultsLimit -\u003e 50.0\nmusicCommon/search/socialResultsLimit -\u003e 25.0\nmusicCommon/search/suggestionsLimit -\u003e 10.0\nmusicCommon/search/resultsSparseCount -\u003e 1.0\nmusicCommon/search/suggestionsTopResultsLimit -\u003e 10.0\nmusicCommon/search/suggestionsTermsLimit -\u003e 5.0\nmusicCommon/search/naturalLanguageAvailable -\u003e false\nampMusicAPIDomains/default -\u003e amp-api.music.apple.com\nampMusicAPIDomains/listenNow -\u003e amp-api.music.apple.com\nampMusicAPIDomains/search -\u003e amp-api-edge.music.apple.com\nampMusicAPIDomains/searchHints -\u003e amp-api-edge.music.apple.com\nampMusicAPIDomains/searchLanding -\u003e amp-api-edge.music.apple.com\nampMusicAPIDomains/searchQuery -\u003e null\nampMusicAPIDomains/library -\u003e null\nampMusicAPIDomains/catalog -\u003e null\nampMusicAPIDomains/social -\u003e null\nampMusicAPIDomains/editorialContent -\u003e null\nampMusicAPIDomains/editorialContent -\u003e null\nmusic-videos -\u003e true\nmusicFriends/isEnabled -\u003e true\nmusicFriends/hasRestrictions -\u003e false\nmusicFriends/friendsDiscoveryMatchLength -\u003e 29.0\nmusicFriends/friendsDiscoveryInterval -\u003e 604800.0\nmusicFriends/friendsDiscoveryEnabled -\u003e true\nfinanceApp/baseUrl -\u003e https://finance-app.itunes.apple.com/\ncommerce-ui-urls/purchase-history -\u003e \ninvoiceReductionSrv -\u003e https://p73-buy.itunes.apple.com/commerce/account/flags/generic\ncountryCode -\u003e in\nmusicSubscription/timeSyncedLyrics -\u003e https://se2.itunes.apple.com/WebObjects/MZStoreElements2.woa/wa/ttmlLyrics\nmusicSubscription/lyrics -\u003e https://se2.itunes.apple.com/WebObjects/MZStoreElements2.woa/wa/lyrics\nmusicSubscription/lyricsOnByDefaultDisabled -\u003e false\nmusicSubscription/lyricsSnippetShareSignaturePrefix -\u003e 4.v1.\nmusicSubscription/lyricsSnippetMaxCharacters -\u003e 149.0\nmusicSubscription/lyricsFeatureDefaults/largerTextDefaultSetting -\u003e transliteration\nmusicSubscription/lyricsFeatureDefaults/translationsEnabledByDefault -\u003e true\nmusicSubscription/lyricsFeatureDefaults/transliterationsEnabledByDefault -\u003e true\nandroidCommerceUrls -\u003e true\ngooglePlayConsumptionOnly -\u003e false\naccount-flags -\u003e https://p73-buy.itunes.apple.com/commerce/account/flags\ntv-app-enabled -\u003e true\nmarketing-item-media-api-realm-mappings/MUSIC -\u003e amp-api-edge.music.apple.com\nmarketing-item-media-api-path -\u003e /v1/engagement/{cc}/upsell/marketing-items\nmusicCommon/classicalExperienceLinkEnabled -\u003e true\nratingWarningTitle -\u003e \nratingWarningThreshold -\u003e 0\nsigned-actions -\u003e true\nmusicSubscription/mli/ismliEnabled -\u003e true\nmusicSubscription/mli/mliAppName -\u003e SongShift\nmusicSubscription/mli/mliAuthDomains -\u003e [www.amazon.com, connect.deezer.com, accounts.youtube.com, accounts.google.com, accounts.spotify.com, login.tidal.com]\nmusicSubscription/mli/mliAppDomains -\u003e [apple.songshift.com, redirects.songshift.com]\nmusicSubscription/mli/mliDomainsRedirectingToBrowser -\u003e [songshift.com, www.songshift.com]\nmusicSubscription/mli/mliActionUrls/mliAction -\u003e https://apple.songshift.com/in/\nmusicSubscription/mli/mliActionUrls/mliReviewAction -\u003e https://apple.songshift.com/in/review-matches/\nmusicSubscription/mli/mliReviewDurationInDays -\u003e 30.0\nmusicSubscription/mli/mliInitialEntryDays -\u003e 30.0\nmusicSubscription/mli/ismliEnabledForBubbleTips -\u003e true\nmusicSubscription/mli/mliKBArticleLink -\u003e https://support.apple.com/118249\ndirect-authorization-code-url -\u003e https://auth.itunes.apple.com/auth/v1/oauth/direct-authorization-code\nmusicSubscription/mli/mliEntryBannerTitle -\u003e Transfer music and playlists from other music services.\nmusicSubscription/mli/mliReviewDismissSubtitle -\u003e Not All Music Was Matched\nmusicSubscription/mli/mliReviewDismissMessage -\u003e This music will be saved for 30 days from the initial transfer. You can review this later in Settings.\nmusicSubscription/mli/mliReviewDismissButtonLeft -\u003e Complete\nmusicSubscription/mli/mliReviewDismissButtonRight -\u003e Review Later\nmusicSubscription/mli/mliEntryPointText -\u003e Transfer Music from Other Services\nmusicSubscription/mli/mliEntryPointTitle -\u003e Add saved music and playlists you made in other music services to your Apple Music library.\nmusicSubscription/mli/mliReviewCTA -\u003e Review Current Transfer\nmusicSubscription/mli/mliReviewTitle -\u003e You have 30 days to review unmatched music and select alternatives.\nmusicSubscription/mli/mliProgressText -\u003e Adding to Your Library\nandroidCommerceUrls/redeemOffer -\u003e https://p73-buy.itunes.apple.com/commerce/channels/googleplay/subscriptions/redeemOffer\n","unsubscribedUpsellMarketingBaseUrl":"amp-api-edge.music.apple.com","unsubscribedUpsellMarketingUrl":"/v1/engagement/{cc}/upsell/marketing-items"}