{"cookies":[{"discard":false,"domain":".apple.com","expiration":9223372036854775807,"name":"itfe","path":"/","secure":false,"userDsid":0,"value":"0","version":0},{"discard":false,"domain":".apple.com","expiration":1794841149,"name":"X-Dsid","path":"/","secure":true,"userDsid":22711492751,"value":"22711492751","version":0},{"discard":false,"domain":".apple.com","expiration":9223372036854775807,"name":"hsaccnt","path":"/WebObjects","secure":false,"userDsid":22711492751,"value":"1","version":1},{"discard":false,"domain":".apple.com","expiration":1825513150,"name":"mz_at0-22711492751","path":"/","secure":false,"userDsid":22711492751,"value":"AwQAAAFCAADrKAAAAABpGea+Aik3kuD+kjKmaoXtrFNgjXbttRY\u003d","version":0},{"discard":false,"domain":".apple.com","expiration":1765897149,"name":"ampsc","path":"/","secure":false,"userDsid":22711492751,"value":"e3uAidFilO0ehSoK3xuiCEF+S8JHZZQKwQhxB/3fGvdSIicRzYd7YzrQxrsfqFdmZAxAZ0HbdW+b3bga22/2BdMaAgzLJoq8cpdMJncE6eu4zf2kjBOPaJmRsevMXwTt","version":0},{"discard":false,"domain":".apple.com","expiration":1826377150,"name":"mz_at_ssl-22711492751","path":"/","secure":true,"userDsid":22711492751,"value":"AwUAAAFCAADrKAAAAABpGea+A4UjXyLxNROUwcsJWSeX0bPYdHQ\u003d","version":0},{"discard":false,"domain":".apple.com","expiration":1779073149,"name":"pldfltcid","path":"/","secure":false,"userDsid":22711492751,"value":"d80b38b5618c4bcea66114c141c882da073","version":0},{"discard":false,"domain":".apple.com","expiration":1779073149,"name":"tv-pldfltcid","path":"/","secure":false,"userDsid":22711492751,"value":"d80b38b5618c4bcea66114c141c882da073","version":0},{"discard":false,"domain":".apple.com","expiration":9223372036854775807,"name":"wosid","path":"/WebObjects/MZFinance.woa","secure":true,"userDsid":22711492751,"value":"fvGhMTpmt5jJygMMQaKb4M","version":1},{"discard":false,"domain":".apple.com","expiration":9223372036854775807,"name":"woinst","path":"/WebObjects/MZFinance.woa","secure":true,"userDsid":22711492751,"value":"-1","version":1},{"discard":false,"domain":".apple.com","expiration":9223372036854775807,"name":"wosid-lite","path":"/","secure":true,"userDsid":22711492751,"value":"h1oOvQs9DkJrnCKoksmTSw","version":1},{"discard":false,"domain":".apple.com","expiration":1763306949,"name":"session-store-id","path":"/WebObjects","secure":true,"userDsid":22711492751,"value":"4526CEB82BDB87E51FADBB1FFFEE2A5B","version":0},{"discard":false,"domain":".apple.com","expiration":1765897150,"name":"itspod","path":"/","secure":false,"userDsid":22711492751,"value":"73","version":0},{"discard":false,"domain":".apple.com","expiration":9223372036854775807,"name":"mzf_in","path":"/WebObjects","secure":true,"userDsid":22711492751,"value":"3730247","version":1},{"discard":false,"domain":".apple.com","expiration":9223372036854775807,"name":"mzf_dr","path":"/WebObjects","secure":false,"userDsid":22711492751,"value":"0","version":0},{"discard":false,"domain":".itunes.apple.com","expiration":1763305456,"name":"dcloc","path":"/","secure":false,"userDsid":22711492751,"value":"MR22","version":0},{"discard":false,"domain":"xp.apple.com","expiration":1778857207,"name":"xp_aci","path":"/","secure":true,"userDsid":22711492751,"value":"rgX4WHal5jGNLGq4doP4GNbQAQ","version":0},{"discard":false,"domain":".apple.com","expiration":1778857207,"name":"xp_ab","path":"/","secure":true,"userDsid":22711492751,"value":"1#KVpIiom+-2+IEAeuMU01#BtPAq2U+-2+0ER5yLE01#02ipH6d+-2+jnuc21I00#fNPb5Km+-2+xSb5Dsb00#WTckLqP+-2+McfatHa02#8g9QAxE+-2+LH9t7lY01#qoeargw+-2+tYg6ZuW01#G8QCKvz+-2+byt1srA01#cf0QHwj+-2+1n4Pclc01#MisZXoB+-2+kRUuQAp01#HGwnF7S+-2+98p5PKg01#heSsQEn+-2+yxwD9pn00#5mK4XzU+-2+Y9gtRxZ00#QfpM7yc+-2+SoxlhLJ01#7JrPZ1t+-2+xJSW1YR01#a02N3sy+-2+28gz0Sy01#zfSbIlH+-2+ytvDpZI01#cGP6Wqk+-2+09wjtTl01#UA65KfY+-2+0V7NFYs01","version":0},{"discard":false,"domain":".apple.com","expiration":1794841228,"name":"TrPod","path":"/","secure":false,"userDsid":22711492751,"value":"1","version":0},{"discard":false,"domain":".itunes.apple.com","expiration":1765897228,"name":"amp","path":"/","secure":false,"userDsid":22711492751,"value":"UKv4md9t+ZZNqaOJJculnXx7Kmzn2TxNgbZwkyugQCmTa+JNYz8gP312LOnfPjcyBLnbp28qMerWzVHMQeC5HBB8lQkMv9SYQmuJ+cmmgKyn6EBaxEuNG1k8Dwnh8RI+0+IJifsLuaQ6Vy7ZM9ESsYreI5j+3KARuLSXBPHVxG8\u003d","version":0},{"discard":false,"domain":".music.apple.com","expiration":1765897228,"name":"amp","path":"/","secure":false,"userDsid":22711492751,"value":"UKv4md9t+ZZNqaOJJculnXx7Kmzn2TxNgbZwkyugQCmTa+JNYz8gP312LOnfPjcyBLnbp28qMerWzVHMQeC5HBB8lQkMv9SYQmuJ+cmmgKyn6EBaxEuNG1k8Dwnh8RI+0+IJifsLuaQ6Vy7ZM9ESsYreI5j+3KARuLSXBPHVxG8\u003d","version":0}]}