{"Fid":"e25e1cp3ShuOBd4U9unIPD","Status":3,"AuthToken":"eyJhbGciOiJFUzI1NiIsInR5cCI6IkpXVCJ9.eyJhcHBJZCI6IjE6ODQzNjg2NTg4NDEzOmFuZHJvaWQ6NDYwNTYzYzg3MDk0ODgyMiIsImV4cCI6MTc2MzkwOTgzNSwiZmlkIjoiZTI1ZTFjcDNTaHVPQmQ0VTl1bklQRCIsInByb2plY3ROdW1iZXIiOjg0MzY4NjU4ODQxM30.AB2LPV8wRQIhANfDvlcXtPoDu1kHEBVN2PjQEXUm2jSwYVdIfJENbwq3AiAolk3o3PggcXDj_R3zo4HWNxXJERM4vegkvV8WebIi6w","RefreshToken":"3_AS3qfwKsUT_UNg1qQZW-e5zk12m0FrXkYc5sjytzRbveEAuOPoFDWTXXnrMi7rCqoXN4wNvBz5exoow60bfkVXBoHeMeYdUYd6rw3ts-B-wpAV4","TokenCreationEpochInSecs":1763305035,"ExpiresInSecs":604800}